Symbol,Company,Market Cap,% Change,Volume,Revenue
NVDA,NVIDIA Corporation,"3,492.76B",-3.12%,"232,646,692",113.27B
AAPL,Apple Inc.,"3,350.14B",-0.39%,"52,621,751",391.04B
MSFT,Microsoft Corporation,"3,301.53B",-0.59%,"14,638,570",254.19B
AVGO,Broadcom Inc.,"1,147.00B",1.84%,"24,861,940",51.57B
TSM,Taiwan Semiconductor Manufacturing Company Limited,899.12B,-1.22%,"13,130,858",88.29B
ORCL,Oracle Corporation,513.52B,-1.54%,"12,038,412",54.93B
SAP,SAP SE,322.37B,0.33%,"836,984",37.10B
CRM,"Salesforce, Inc.",319.52B,-0.23%,"3,194,054",37.19B
ASML,ASML Holding N.V.,289.55B,-1.87%,"1,500,207",29.29B
CSCO,"Cisco Systems, Inc.",247.85B,-0.14%,"16,894,424",52.98B
NOW,"ServiceNow, Inc.",232.10B,-0.81%,"905,824",10.46B
ACN,Accenture plc,226.68B,-0.23%,"1,827,635",66.36B
IBM,International Business Machines Corporation,207.86B,-0.55%,"3,191,992",62.58B
AMD,"Advanced Micro Devices, Inc.",199.35B,-0.16%,"30,941,100",24.30B
QCOM,QUALCOMM Incorporated,191.21B,-1.29%,"5,688,429",38.96B
ADBE,Adobe Inc.,189.52B,-0.43%,"2,624,189",21.51B
PLTR,Palantir Technologies Inc.,179.92B,-,"76,966,969",2.65B
ARM,Arm Holdings plc,170.81B,-2.43%,"6,468,255",3.54B
TXN,Texas Instruments Incorporated,169.01B,-7.52%,"14,858,227",15.64B
INTU,Intuit Inc.,167.38B,-0.06%,"1,888,626",16.59B
ANET,Arista Networks Inc,162.72B,0.04%,"6,974,008",6.61B
AMAT,"Applied Materials, Inc.",151.96B,-2.07%,"5,998,471",27.18B
UBER,"Uber Technologies, Inc.",144.37B,0.38%,"14,148,427",41.96B
SHOP,Shopify Inc.,139.13B,1.49%,"5,737,836",8.21B
SONY,Sony Group Corporation,125.82B,-2.53%,"4,807,250",91.76B
PANW,"Palo Alto Networks, Inc.",123.17B,0.20%,"3,069,070",8.29B
APP,AppLovin Corporation,121.85B,0.16%,"2,825,958",4.29B
ADP,"Automatic Data Processing, Inc.",121.06B,0.44%,"1,094,400",19.52B
FI,"Fiserv, Inc.",118.81B,1.14%,"1,784,182",20.12B
MU,"Micron Technology, Inc.",114.97B,-1.57%,"19,329,814",29.09B
ADI,"Analog Devices, Inc.",107.88B,-4.81%,"3,891,203",9.43B
MRVL,"Marvell Technology, Inc.",107.31B,-1.62%,"9,541,460",5.38B
LRCX,Lam Research Corporation,102.52B,-1.91%,"8,974,519",15.59B
KLAC,KLA Corporation,100.30B,-1.46%,"739,073",10.26B
APH,Amphenol Corporation,93.06B,-1.73%,"6,318,202",15.22B
CRWD,"CrowdStrike Holdings, Inc.",92.35B,-0.74%,"2,267,742",3.74B
INFY,Infosys Limited,90.13B,-0.46%,"7,525,432",19.11B
INTC,Intel Corporation,89.84B,-3.43%,"65,835,872",54.25B
MSTR,MicroStrategy Incorporated,88.27B,-5.21%,"22,450,886",467.24M
CDNS,"Cadence Design Systems, Inc.",87.90B,-1.24%,"1,379,802",4.35B
SNPS,"Synopsys, Inc.",84.43B,-0.97%,"879,661",6.13B
MSI,"Motorola Solutions, Inc.",80.08B,0.66%,"842,633",10.66B
DELL,Dell Technologies Inc.,79.35B,-0.43%,"5,374,776",93.95B
FTNT,"Fortinet, Inc.",74.27B,-0.56%,"4,037,905",5.71B
TEAM,Atlassian Corporation,68.97B,-0.34%,"1,137,759",4.57B
WDAY,"Workday, Inc.",68.70B,1.17%,"1,772,176",8.16B
ADSK,"Autodesk, Inc.",64.63B,-0.08%,"728,135",5.96B
TTD,"The Trade Desk, Inc.",59.21B,0.69%,"3,548,123",2.31B
SNOW,Snowflake Inc.,57.48B,-0.47%,"2,905,225",3.41B
ROP,"Roper Technologies, Inc.",56.98B,-0.35%,"379,436",6.78B
XYZ,"Block, Inc.",54.95B,0.99%,"5,322,851",23.86B
NXPI,NXP Semiconductors N.V.,54.24B,-2.93%,"2,715,946",12.93B
PAYX,"Paychex, Inc.",52.61B,0.94%,"1,423,919",5.37B
DDOG,"Datadog, Inc.",47.90B,0.56%,"2,813,140",2.54B
GLW,Corning Incorporated,46.45B,0.50%,"4,479,084",12.61B
TEL,TE Connectivity plc,46.17B,-1.46%,"1,013,231",15.85B
FICO,Fair Isaac Corporation,44.19B,-2.14%,"389,753",1.72B
NET,"Cloudflare, Inc.",42.94B,0.96%,"2,068,717",1.57B
FIS,"Fidelity National Information Services, Inc.",42.65B,-0.08%,"1,948,950",10.03B
GRMN,Garmin Ltd.,41.14B,-0.63%,"463,318",5.96B
IT,"Gartner, Inc.",40.77B,0.72%,"372,253",6.14B
CTSH,Cognizant Technology Solutions Corporation,39.69B,0.46%,"1,257,149",19.41B
WIT,Wipro Limited,38.84B,0.80%,"7,199,869",10.38B
HUBS,"HubSpot, Inc.",37.51B,-1.43%,"358,274",2.51B
MPWR,"Monolithic Power Systems, Inc.",33.09B,-2.91%,"1,003,920",2.04B
HPE,Hewlett Packard Enterprise Company,32.05B,0.04%,"9,237,184",30.13B
ANSS,"ANSYS, Inc.",31.25B,-0.83%,"350,351",2.47B
HPQ,HP Inc.,30.69B,-1.95%,"4,047,240",53.56B
MCHP,Microchip Technology Incorporated,30.28B,-5.34%,"10,295,626",5.50B
KEYS,"Keysight Technologies, Inc.",29.94B,-0.17%,"698,213",4.98B
ZS,"Zscaler, Inc.",29.69B,0.40%,"1,183,256",2.30B
GDDY,GoDaddy Inc.,29.10B,0.05%,"761,630",4.48B
FTV,Fortive Corporation,27.94B,0.35%,"1,439,579",6.20B
BR,"Broadridge Financial Solutions, Inc.",27.74B,0.25%,"298,602",6.50B
IOT,Samsara Inc.,27.04B,0.42%,"2,781,810",1.18B
CPAY,"Corpay, Inc.",26.44B,0.51%,"300,228",3.88B
UI,Ubiquiti Inc.,26.04B,-0.12%,"81,876",2.02B
CDW,CDW Corporation,26.00B,-1.20%,"940,493",20.83B
ERIC,Telefonaktiebolaget LM Ericsson (publ),26.00B,-14.38%,"43,087,887",22.40B
NTAP,"NetApp, Inc.",25.62B,-0.24%,"818,195",6.47B
TYL,"Tyler Technologies, Inc.",25.33B,-0.26%,"149,481",2.08B
GIB,CGI Inc.,25.19B,0.32%,"152,417",10.86B
ZM,Zoom Communications Inc.,24.57B,0.20%,"2,075,842",4.63B
NOK,Nokia Oyj,24.49B,-3.84%,"20,461,851",22.05B
TDY,Teledyne Technologies Incorporated,23.97B,-0.13%,"317,046",5.67B
PSTG,"Pure Storage, Inc.",23.54B,-0.30%,"2,034,865",3.08B
ASX,"ASE Technology Holding Co., Ltd.",23.48B,-0.64%,"10,797,155",18.69B
WDC,Western Digital Corporation,23.30B,-1.85%,"4,861,771",14.35B
ON,ON Semiconductor Corporation,23.21B,-3.13%,"8,758,932",7.38B
GFS,GlobalFoundries Inc.,23.03B,1.13%,"1,301,752",6.77B
STM,STMicroelectronics N.V.,22.92B,-1.67%,"5,190,729",14.23B
STX,Seagate Technology Holdings plc,22.89B,-0.21%,"2,965,622",8.04B
PTC,PTC Inc.,22.74B,-0.06%,"714,848",2.30B
TOST,"Toast, Inc.",22.34B,-1.68%,"4,697,443",4.66B
CHKP,Check Point Software Technologies Ltd.,21.39B,-0.97%,"469,486",2.52B
ZBRA,Zebra Technologies Corporation,21.39B,-1.54%,"243,761",4.66B
TER,"Teradyne, Inc.",21.16B,-1.45%,"2,191,393",2.74B
TWLO,Twilio Inc.,20.90B,20.13%,"17,394,153",4.34B
VRSN,"VeriSign, Inc.",20.25B,1.97%,"563,138",1.54B
SSNC,"SS&C Technologies Holdings, Inc.",19.81B,0.53%,"850,765",5.76B
MDB,"MongoDB, Inc.",19.50B,0.48%,"778,957",1.92B
SMCI,"Super Micro Computer, Inc.",19.48B,-0.42%,"31,410,471",14.94B
LDOS,"Leidos Holdings, Inc.",19.43B,-2.23%,"1,465,934",16.28B
TRMB,Trimble Inc.,19.03B,-0.09%,"768,839",3.63B
JBL,Jabil Inc.,18.92B,1.22%,"1,556,982",27.49B
DOCU,"DocuSign, Inc.",18.50B,1.17%,"2,155,961",2.91B
GRAB,Grab Holdings Limited,18.40B,-1.51%,"20,100,262",2.69B
ALAB,"Astera Labs, Inc.",18.33B,-6.61%,"5,392,605",305.71M
FSLR,"First Solar, Inc.",18.01B,-3.37%,"3,837,113",3.85B
KSPI,Joint Stock Company Kaspi.kz,18.00B,-0.99%,"184,382",4.93B
CYBR,CyberArk Software Ltd.,17.73B,0.22%,"337,997",909.46M
MANH,"Manhattan Associates, Inc.",17.67B,1.55%,"556,518",1.02B
AFRM,"Affirm Holdings, Inc.",17.50B,-1.81%,"6,402,092",2.52B
NTNX,"Nutanix, Inc.",17.33B,-0.66%,"1,833,204",2.23B
GWRE,"Guidewire Software, Inc.",17.20B,0.66%,"10,021,650",1.04B
FLEX,Flex Ltd.,17.17B,0.96%,"2,485,825",25.45B
GEN,Gen Digital Inc.,16.91B,-0.18%,"1,871,301",3.86B
DT,"Dynatrace, Inc.",16.61B,1.57%,"3,446,690",1.56B
AZPN,"Aspen Technology, Inc.",16.14B,-0.23%,"363,647",1.09B
FFIV,"F5, Inc.",16.00B,0.03%,"407,613",2.82B
ENTG,"Entegris, Inc.",15.73B,-1.60%,"2,975,416",3.20B
COHR,Coherent Corp.,15.52B,-6.90%,"3,140,274",5.00B
UMC,United Microelectronics Corporation,15.42B,-2.57%,"10,370,565",7.09B
OKTA,"Okta, Inc.",15.23B,0.90%,"2,049,786",2.53B
AKAM,"Akamai Technologies, Inc.",14.68B,1.89%,"1,741,310",3.97B
SWKS,"Skyworks Solutions, Inc.",14.58B,-1.43%,"1,655,996",4.18B
BSY,"Bentley Systems, Incorporated",14.52B,-0.54%,"1,052,931",1.31B
DUOL,"Duolingo, Inc.",14.45B,-2.20%,"435,675",689.46M
EPAM,"EPAM Systems, Inc.",14.32B,2.91%,"715,965",4.64B
CLS,Celestica Inc.,14.18B,-1.00%,"2,374,098",9.24B
CIEN,Ciena Corporation,13.73B,-1.59%,"3,013,611",4.01B
LOGI,Logitech International S.A.,13.47B,-0.40%,"610,093",4.47B
CRDO,Credo Technology Group Holding Ltd,13.46B,-4.41%,"3,245,669",245.59M
WIX,Wix.com Ltd.,13.15B,-0.66%,"409,974",1.70B
RBRK,"Rubrik, Inc.",13.15B,0.97%,"1,098,950",803.46M
JNPR,"Juniper Networks, Inc.",12.92B,0.15%,"2,756,923",5.03B
JKHY,"Jack Henry & Associates, Inc.",12.69B,-0.14%,"407,434",2.25B
MNDY,monday.com Ltd.,12.37B,-0.31%,"643,001",906.59M
YMM,Full Truck Alliance Co. Ltd.,12.04B,2.04%,"4,544,467",1.49B
SNX,TD SYNNEX Corporation,11.93B,-0.18%,"377,031",58.45B
AUR,"Aurora Innovation, Inc.",11.82B,-1.15%,"7,338,811",-
KVYO,"Klaviyo, Inc.",11.77B,-0.46%,"733,963",868.92M
PAYC,"Paycom Software, Inc.",11.60B,1.10%,"294,772",1.82B
PCOR,"Procore Technologies, Inc.",11.59B,-0.55%,"587,037",1.11B
PCTY,Paylocity Holding Corporation,11.51B,1.46%,"389,669",1.45B
DAY,Dayforce Inc.,11.20B,1.46%,"943,438",1.69B
ESTC,Elastic N.V.,10.81B,0.26%,"1,115,839",1.38B
MTSI,"MACOM Technology Solutions Holdings, Inc.",10.72B,-1.27%,"485,029",729.58M
ONTO,Onto Innovation Inc.,10.55B,-1.59%,"748,597",942.24M
FOUR,"Shift4 Payments, Inc.",10.52B,-0.63%,"1,008,428",3.15B
GTLB,GitLab Inc.,10.52B,1.33%,"2,377,931",711.60M
DSGX,The Descartes Systems Group Inc.,10.20B,-0.63%,"114,543",631.76M
NICE,NICE Ltd.,10.02B,0.52%,"238,122",2.64B
DBX,"Dropbox, Inc.",9.75B,1.16%,"2,541,640",2.54B
BILL,"BILL Holdings, Inc.",9.72B,1.69%,"1,740,526",1.34B
DOX,Amdocs Limited,9.62B,0.82%,"376,767",5.00B
CFLT,"Confluent, Inc.",9.43B,1.52%,"3,691,143",915.61M
ALTR,Altair Engineering Inc.,9.40B,-0.08%,"723,192",644.66M
FN,Fabrinet,9.38B,-2.70%,"385,104",3.00B
PEGA,Pegasystems Inc.,9.27B,-0.59%,"807,484",1.48B
KD,"Kyndryl Holdings, Inc.",9.14B,0.15%,"1,179,117",15.30B
CACI,CACI International Inc,9.11B,-3.61%,"717,797",8.13B
U,Unity Software Inc.,8.99B,-3.50%,"9,499,973",1.97B
APPF,"AppFolio, Inc.",8.98B,-4.07%,"263,598",762.37M
VERX,"Vertex, Inc.",8.96B,0.77%,"669,175",643.23M
PSN,Parsons Corporation,8.90B,-1.80%,"2,195,842",6.51B
IONQ,"IonQ, Inc.",8.82B,-1.43%,"19,518,917",37.47M
TTAN,"ServiceTitan, Inc.",8.81B,-2.06%,"123,970",724.36M
GLOB,Globant S.A.,8.80B,-1.96%,"381,805",2.35B
ENPH,"Enphase Energy, Inc.",8.56B,-1.45%,"3,055,767",1.25B
QRVO,"Qorvo, Inc.",8.41B,-1.80%,"2,763,253",3.95B
G,Genpact Limited,8.18B,0.41%,"649,508",4.66B
SATS,EchoStar Corporation,7.91B,-1.64%,"1,633,097",16.02B
MKSI,"MKS Instruments, Inc.",7.91B,-1.82%,"632,488",3.54B
EXLS,"ExlService Holdings, Inc.",7.91B,0.04%,"835,141",1.77B
LSCC,Lattice Semiconductor Corporation,7.90B,-3.76%,"1,823,910",562.58M
PATH,UiPath Inc.,7.65B,0.94%,"5,977,111",1.41B
INFA,Informatica Inc.,7.56B,0.16%,"640,360",1.66B
OTEX,Open Text Corporation,7.56B,0.73%,"825,739",5.61B
CCCS,CCC Intelligent Solutions Holdings Inc.,7.46B,-0.44%,"2,382,629",926.94M
S,"SentinelOne, Inc.",7.44B,0.13%,"3,603,796",770.12M
OS,"OneStream, Inc.",7.33B,0.07%,"1,181,114",459.53M
NVMI,Nova Ltd.,7.33B,0.23%,"108,804",611.85M
WEX,WEX Inc.,7.22B,-0.81%,"324,478",2.66B
SPSC,"SPS Commerce, Inc.",7.20B,-2.96%,"234,040",611.82M
OLED,Universal Display Corporation,7.15B,2.00%,"802,245",643.71M
CWAN,"Clearwater Analytics Holdings, Inc.",7.02B,-0.28%,"1,745,316",424.36M
HCP,"HashiCorp, Inc.",7.00B,0.09%,"2,571,089",654.89M
CVLT,"Commvault Systems, Inc.",6.99B,-0.66%,"303,366",898.05M
CGNX,Cognex Corporation,6.95B,0.07%,"987,639",881.50M
RMBS,Rambus Inc.,6.71B,-1.45%,"902,689",517.75M
LITE,Lumentum Holdings Inc.,6.57B,-3.70%,"1,774,905",1.38B
AMKR,"Amkor Technology, Inc.",6.34B,-0.81%,"1,353,367",6.44B
SMTC,Semtech Corporation,6.29B,-3.81%,"1,032,101",851.23M
ARW,"Arrow Electronics, Inc.",6.27B,-0.08%,"351,538",28.49B
BMI,"Badger Meter, Inc.",6.19B,-3.92%,"189,799",803.82M
SRAD,Sportradar Group AG,6.19B,-0.62%,"400,967",1.17B
TSEM,Tower Semiconductor Ltd.,6.11B,1.05%,"804,225",1.40B
NXT,Nextracker Inc.,5.97B,-2.12%,"3,254,114",2.80B
ASTS,"AST SpaceMobile, Inc.",5.90B,2.78%,"11,935,887",2.50M
SOUN,"SoundHound AI, Inc.",5.86B,-3.41%,"64,819,881",67.30M
LFUS,"Littelfuse, Inc.",5.83B,-0.71%,"110,329",2.20B
VNT,Vontier Corporation,5.80B,-0.08%,"475,872",2.99B
SITM,SiTime Corporation,5.78B,-3.65%,"127,135",176.99M
LYFT,"Lyft, Inc.",5.72B,1.47%,"8,461,335",5.46B
QTWO,"Q2 Holdings, Inc.",5.69B,-0.59%,"489,489",675.54M
QXO,"QXO, Inc.",5.62B,-1.79%,"1,990,467",56.84M
FRSH,Freshworks Inc.,5.54B,1.44%,"4,310,070",685.96M
NSIT,"Insight Enterprises, Inc.",5.52B,-0.19%,"269,927",8.87B
INGM,Ingram Micro Holding Corporation,5.48B,2.23%,"377,049",47.66B
ACIW,"ACI Worldwide, Inc.",5.47B,-0.59%,"485,375",1.62B
CRUS,"Cirrus Logic, Inc.",5.39B,0.33%,"671,168",1.91B
WK,Workiva Inc.,5.37B,-3.07%,"605,330",705.44M
INTA,"Intapp, Inc.",5.36B,-2.84%,"492,413",447.75M
NOVT,Novanta Inc.,5.35B,-0.55%,"193,220",922.75M
SAIC,Science Applications International Corporation,5.33B,-1.46%,"848,825",7.38B
QLYS,"Qualys, Inc.",5.24B,0.86%,"245,783",592.95M
TENB,"Tenable Holdings, Inc.",5.21B,-1.07%,"988,942",877.60M
CLBT,Cellebrite DI Ltd.,5.17B,1.20%,"838,995",385.17M
VRNS,"Varonis Systems, Inc.",4.98B,0.07%,"1,208,459",546.54M
BDC,Belden Inc.,4.88B,-0.15%,"165,906",2.35B
ITRI,"Itron, Inc.",4.82B,-1.14%,"290,872",2.41B
BRZE,"Braze, Inc.",4.73B,0.26%,"714,202",563.97M
AVT,"Avnet, Inc.",4.70B,-0.26%,"505,339",23.03B
PONY,Pony AI Inc.,4.60B,-1.20%,"855,320",84.33M
CAMT,Camtek Ltd.,4.57B,-3.73%,"506,565",400.63M
RELY,"Remitly Global, Inc.",4.56B,-2.25%,"1,473,467",1.18B
BOX,"Box, Inc.",4.53B,0.32%,"841,480",1.07B
SANM,Sanmina Corporation,4.53B,0.43%,"372,127",7.57B
ASAN,"Asana, Inc.",4.49B,-3.44%,"2,471,844",706.68M
IDCC,"InterDigital, Inc.",4.48B,1.24%,"224,402",721.23M
ALGM,"Allegro MicroSystems, Inc.",4.48B,-2.37%,"2,253,656",849.88M
CORZ,"Core Scientific, Inc.",4.46B,-2.20%,"7,292,968",557.68M
GDS,GDS Holdings Limited,4.43B,7.35%,"1,956,168",1.56B
ZETA,Zeta Global Holdings Corp.,4.41B,-0.96%,"2,665,830",901.40M
SLAB,Silicon Laboratories Inc.,4.40B,-4.23%,"234,603",504.98M
EEFT,"Euronet Worldwide, Inc.",4.32B,1.61%,"376,382",3.90B
ST,Sensata Technologies Holding plc,4.28B,-1.65%,"1,253,504",4.02B
AI,"C3.ai, Inc.",4.23B,-3.61%,"5,437,551",346.54M
GBTG,"Global Business Travel Group, Inc.",4.21B,-0.56%,"372,302",2.38B
PLXS,Plexus Corp.,4.13B,-0.53%,"248,683",3.95B
ASGN,ASGN Incorporated,4.08B,-0.32%,"221,591",4.19B
PYCR,"Paycor HCM, Inc.",4.00B,0.18%,"2,680,703",678.84M
CLVT,Clarivate Plc,3.91B,-,"4,111,803",2.58B
FROG,JFrog Ltd.,3.88B,0.90%,"588,096",409.67M
RUM,Rumble Inc.,3.86B,4.85%,"5,449,226",85.65M
PI,"Impinj, Inc.",3.85B,-2.34%,"324,109",345.17M
DXC,DXC Technology Company,3.82B,-0.33%,"588,059",13.26B
PAY,"Paymentus Holdings, Inc.",3.79B,-0.75%,"204,639",778.67M
BLKB,"Blackbaud, Inc.",3.78B,0.01%,"112,534",1.15B
BL,"BlackLine, Inc.",3.78B,0.02%,"321,468",639.61M
NCNO,"nCino, Inc.",3.77B,0.18%,"489,966",522.98M
DOCN,"DigitalOcean Holdings, Inc.",3.71B,3.74%,"1,895,085",756.56M
RGTI,"Rigetti Computing, Inc.",3.70B,-2.00%,"211,249,936",11.89M
ALIT,"Alight, Inc.",3.69B,-1.14%,"3,612,536",3.36B
PAYO,Payoneer Global Inc.,3.63B,-,"1,528,025",940.30M
LIF,"Life360, Inc.",3.57B,1.19%,"200,342",342.92M
ALKT,"Alkami Technology, Inc.",3.54B,-1.10%,"287,435",315.56M
POWI,"Power Integrations, Inc.",3.52B,-1.60%,"461,750",403.23M
DLO,DLocal Limited,3.44B,1.94%,"324,842",729.49M
ZI,ZoomInfo Technologies Inc.,3.43B,0.30%,"7,913,128",1.22B
ESE,ESCO Technologies Inc.,3.41B,-2.08%,"98,787",1.03B
DV,"DoubleVerify Holdings, Inc.",3.39B,1.42%,"998,772",638.46M
AVPT,"AvePoint, Inc.",3.38B,-1.53%,"1,129,748",315.92M
CNXC,Concentrix Corporation,3.38B,0.19%,"1,036,948",9.62B
YOU,"Clear Secure, Inc.",3.37B,0.50%,"1,467,002",735.18M
OSIS,"OSI Systems, Inc.",3.34B,3.53%,"310,856",1.65B
AMBA,"Ambarella, Inc.",3.33B,-3.14%,"594,165",252.47M
SYNA,Synaptics Incorporated,3.27B,-1.71%,"402,920",979.40M
FORM,"FormFactor, Inc.",3.23B,-2.82%,"520,776",742.28M
IPGP,IPG Photonics Corporation,3.20B,-3.91%,"157,097",1.04B
GRND,Grindr Inc.,3.19B,8.07%,"2,989,379",319.10M
LPL,"LG Display Co., Ltd.",3.17B,1.25%,"104,369",18.02B
RNG,"RingCentral, Inc.",3.12B,0.76%,"795,979",2.36B
TDC,Teradata Corporation,3.06B,-0.68%,"579,371",1.80B
BTDR,Bitdeer Technologies Group,3.04B,4.58%,"6,800,789",395.61M
ALRM,"Alarm.com Holdings, Inc.",3.04B,-1.09%,"149,008",923.82M
FIVN,"Five9, Inc.",2.99B,1.56%,"937,581",1.00B
DIOD,Diodes Incorporated,2.81B,-1.11%,"414,202",1.29B
PAR,PAR Technology Corporation,2.78B,0.69%,"323,022",453.99M
WNS,WNS (Holdings) Limited,2.71B,2.82%,"891,955",1.32B
TTMI,"TTM Technologies, Inc.",2.64B,0.23%,"512,895",2.36B
CALX,"Calix, Inc.",2.59B,-1.19%,"590,998",890.13M
VICR,Vicor Corporation,2.59B,-0.61%,"269,670",355.54M
STNE,StoneCo Ltd.,2.58B,1.52%,"5,339,138",2.27B
AGYS,"Agilysys, Inc.",2.56B,-3.59%,"527,603",263.57M
ODD,Oddity Tech Ltd.,2.53B,0.54%,"342,272",620.65M
KC,Kingsoft Cloud Holdings Limited,2.49B,13.10%,"3,418,591",1.04B
SWI,SolarWinds Corporation,2.47B,-1.02%,"287,290",784.73M
BB,BlackBerry Limited,2.47B,-,"14,705,312",638.00M
RPD,"Rapid7, Inc.",2.46B,0.33%,"361,304",833.01M
APPN,Appian Corporation,2.44B,-0.50%,"296,751",595.66M
KLIC,"Kulicke and Soffa Industries, Inc.",2.43B,-1.46%,"360,349",706.23M
SEMR,"Semrush Holdings, Inc.",2.41B,1.36%,"762,715",357.57M
FLYW,Flywire Corporation,2.39B,3.96%,"1,955,394",475.14M
NATL,NCR Atleos Corporation,2.36B,-0.12%,"207,685",4.31B
VIAV,Viavi Solutions Inc.,2.33B,-1.50%,"1,820,598",990.70M
ACLS,"Axcelis Technologies, Inc.",2.30B,-0.20%,"421,848",1.08B
PRGS,Progress Software Corporation,2.30B,-2.07%,"1,217,111",753.41M
RUN,Sunrun Inc.,2.29B,9.53%,"17,326,878",2.04B
VSH,"Vishay Intertechnology, Inc.",2.29B,-1.69%,"1,822,905",3.01B
IBTA,"Ibotta, Inc.",2.29B,3.09%,"190,436",368.55M
EXTR,"Extreme Networks, Inc.",2.25B,-1.59%,"670,045",1.03B
HIMX,"Himax Technologies, Inc.",2.25B,8.90%,"18,591,873",897.26M
LSPD,Lightspeed Commerce Inc.,2.23B,-0.27%,"588,538",1.01B
CXM,"Sprinklr, Inc.",2.22B,-1.24%,"666,478",788.06M
RAMP,"LiveRamp Holdings, Inc.",2.19B,0.39%,"341,020",707.17M
AVDX,"AvidXchange Holdings, Inc.",2.16B,0.86%,"1,104,899",427.57M
PLUS,ePlus inc.,2.16B,0.79%,"177,827",2.12B
PAGS,PagSeguro Digital Ltd.,2.09B,1.06%,"5,296,997",3.23B
EVTC,"EVERTEC, Inc.",2.06B,0.31%,"181,645",823.71M
APLD,Applied Digital Corporation,2.00B,-3.34%,"14,784,005",211.62M
MXL,"MaxLinear, Inc.",1.95B,-3.46%,"1,624,775",393.71M
DFIN,"Donnelley Financial Solutions, Inc.",1.93B,0.59%,"147,101",802.10M
CNXN,"PC Connection, Inc.",1.92B,0.11%,"53,503",2.79B
DAVA,Endava plc,1.91B,1.00%,"168,342",1.00B
SPT,"Sprout Social, Inc.",1.91B,-0.66%,"335,087",392.40M
EVCM,EverCommerce Inc.,1.90B,0.29%,"72,277",693.21M
JAMF,Jamf Holding Corp.,1.89B,-0.47%,"272,914",615.07M
MQ,"Marqeta, Inc.",1.89B,1.89%,"3,802,769",490.03M
QBTS,D-Wave Quantum Inc.,1.89B,1.00%,"137,313,424",9.42M
VNET,"VNET Group, Inc.",1.87B,2.04%,"4,933,438",1.13B
ROG,Rogers Corporation,1.86B,2.53%,"98,191",842.50M
VYX,NCR Voyix Corporation,1.84B,0.48%,"1,015,428",3.59B
GDYN,"Grid Dynamics Holdings, Inc.",1.84B,2.30%,"452,997",328.36M
NABL,"N-able, Inc.",1.79B,0.21%,"349,053",458.05M
SIMO,Silicon Motion Technology Corporation,1.78B,-2.13%,"168,892",814.77M
GB,Global Blue Group Holding AG,1.76B,-2.01%,"89,252",517.91M
KN,Knowles Corporation,1.76B,-2.30%,"537,747",801.00M
EXOD,"Exodus Movement, Inc.",1.73B,39.20%,"195,157",89.94M
PD,"PagerDuty, Inc.",1.70B,1.18%,"723,915",457.17M
SONO,"Sonos, Inc.",1.70B,-1.21%,"1,028,463",1.52B
DBD,"Diebold Nixdorf, Incorporated",1.69B,1.22%,"80,542",3.80B
BHE,"Benchmark Electronics, Inc.",1.69B,-0.49%,"202,649",2.69B
UCTT,"Ultra Clean Holdings, Inc.",1.67B,-0.78%,"240,239",1.98B
MTTR,"Matterport, Inc.",1.66B,-0.19%,"2,541,014",165.43M
NTCT,"NetScout Systems, Inc.",1.64B,-0.43%,"289,401",787.19M
UPBD,"Upbound Group, Inc.",1.62B,-0.61%,"232,948",4.26B
NN,NextNav Inc.,1.60B,-2.39%,"972,182",4.96M
CTS,CTS Corporation,1.57B,1.38%,"178,454",513.03M
VRNT,Verint Systems Inc.,1.57B,-1.41%,"373,486",920.75M
INFN,Infinera Corporation,1.57B,-0.15%,"649,432",1.46B
MLNK,"MeridianLink, Inc.",1.53B,0.59%,"196,724",311.44M
ZUO,"Zuora, Inc.",1.53B,0.10%,"2,016,033",452.76M
CSGS,"CSG Systems International, Inc.",1.52B,-0.75%,"104,926",1.18B
AAOI,"Applied Optoelectronics, Inc.",1.52B,-5.57%,"1,869,558",209.55M
TASK,"TaskUs, Inc.",1.49B,-2.75%,"253,537",955.01M
VSAT,"Viasat, Inc.",1.48B,-0.48%,"3,545,087",4.53B
PLAB,"Photronics, Inc.",1.48B,-0.85%,"288,810",866.95M
SPNS,Sapiens International Corporation N.V.,1.47B,-0.30%,"183,861",538.93M
VECO,Veeco Instruments Inc.,1.47B,-1.45%,"744,554",709.09M
AMPL,"Amplitude, Inc.",1.45B,1.07%,"406,556",292.54M
ADEA,Adeia Inc.,1.45B,-3.75%,"551,071",343.72M
FSLY,"Fastly, Inc.",1.44B,-1.53%,"2,342,364",540.87M
ENFN,"Enfusion, Inc.",1.43B,-0.09%,"637,018",195.16M
ATEN,"A10 Networks, Inc.",1.42B,-0.98%,"670,032",257.91M
KARO,Karooooo Ltd.,1.41B,0.82%,"95,831",245.97M
QUBT,Quantum Computing Inc.,1.41B,-1.71%,"34,833,450",386.00K
HLIT,Harmonic Inc.,1.38B,-3.27%,"681,095",623.65M
SMWB,Similarweb Ltd.,1.36B,3.86%,"896,117",241.08M
FORTY,Formula Systems (1985) Ltd.,1.33B,3.64%,320,2.71B
SABR,Sabre Corporation,1.32B,-3.12%,"2,536,578",3.00B
DCBO,Docebo Inc.,1.31B,1.15%,"59,586",209.17M
DSP,Viant Technology Inc.,1.29B,0.64%,"103,769",263.59M
TUYA,Tuya Inc.,1.28B,4.11%,"1,753,195",280.97M
CRCT,"Cricut, Inc.",1.24B,-2.53%,"210,953",734.48M
SCSC,"ScanSource, Inc.",1.23B,-0.37%,"115,166",3.16B
XRX,Xerox Holdings Corporation,1.20B,-1.63%,"2,620,806",6.37B
NYAX,Nayax Ltd.,1.20B,0.30%,"5,819",291.65M
DQ,Daqo New Energy Corp.,1.20B,2.84%,"678,356",1.31B
COMM,"CommScope Holding Company, Inc.",1.19B,-5.63%,"4,484,126",5.18B
OLO,Olo Inc.,1.19B,-1.89%,"605,577",271.87M
AOSL,Alpha and Omega Semiconductor Limited,1.18B,3.48%,"894,562",658.53M
DGII,Digi International Inc.,1.18B,-2.94%,"194,559",424.05M
INOD,Innodata Inc.,1.17B,1.51%,"1,163,229",137.39M
ACMR,"ACM Research, Inc.",1.16B,0.98%,"736,190",728.97M
VTEX,VTEX,1.16B,-0.79%,"292,762",225.91M
DAVE,Dave Inc.,1.15B,-3.38%,"354,032",319.36M
PRO,"PROS Holdings, Inc.",1.15B,-0.25%,"187,796",322.89M
COHU,"Cohu, Inc.",1.12B,-2.13%,"307,008",444.88M
JKS,"JinkoSolar Holding Co., Ltd.",1.11B,2.29%,"1,157,757",14.89B
PSFE,Paysafe Limited,1.10B,-,"155,363",1.70B
PENG,"Penguin Solutions, Inc.",1.10B,-1.43%,"460,483",1.24B
BELFA,Bel Fuse Inc.,1.10B,-0.57%,"17,999",524.94M
TIXT,TELUS International (Cda) Inc.,1.09B,0.76%,"395,883",2.66B
VMEO,"Vimeo, Inc.",1.08B,2.35%,"884,806",419.39M
ARRY,"Array Technologies, Inc.",1.08B,1.72%,"3,737,589",982.19M
PDFS,"PDF Solutions, Inc.",1.07B,-2.58%,"355,254",170.51M
BBAI,"BigBear.ai Holdings, Inc.",1.04B,-2.13%,"29,167,901",154.97M
WOLF,"Wolfspeed, Inc.",1.04B,9.17%,"13,584,831",804.50M
BELFB,Bel Fuse Inc.,1.03B,0.38%,"144,714",524.94M
ICHR,"Ichor Holdings, Ltd.",988.05M,-0.44%,"239,233",819.23M
ML,MoneyLion Inc.,972.19M,-0.13%,"277,022",500.28M
CRSR,"Corsair Gaming, Inc.",958.53M,-2.09%,"1,334,396",1.32B
BLND,"Blend Labs, Inc.",946.94M,-0.54%,"1,515,435",156.72M
RDWR,Radware Ltd.,924.31M,-0.41%,"57,529",266.88M
ETWO,"E2open Parent Holdings, Inc.",917.63M,2.66%,"2,060,076",613.46M
BASE,"Couchbase, Inc.",905.10M,-1.26%,"1,063,786",204.63M
CINT,CI&T Inc.,900.39M,2.26%,"58,508",410.25M
GCT,GigaCloud Technology Inc.,864.09M,0.48%,"714,269",1.11B
INDI,"indie Semiconductor, Inc.",862.18M,-2.06%,"3,518,356",228.81M
RSKD,Riskified Ltd.,861.29M,2.54%,"414,149",318.05M
DMRC,Digimarc Corporation,858.63M,-1.69%,"112,215",39.04M
SEDG,"SolarEdge Technologies, Inc.",850.71M,8.10%,"4,863,785",1.05B
HCKT,"The Hackett Group, Inc.",847.40M,1.22%,"72,683",300.74M
AIOT,"PowerFleet, Inc.",839.42M,-0.63%,"1,059,452",221.07M
ADTN,"ADTRAN Holdings, Inc.",814.31M,-0.29%,"915,176",905.35M
IIIV,"i3 Verticals, Inc.",813.35M,1.97%,"273,227",229.92M
YEXT,"Yext, Inc.",807.84M,-,"378,901",408.97M
DAKT,"Daktronics, Inc.",803.84M,-2.12%,"224,947",820.60M
NTGR,"NETGEAR, Inc.",801.24M,-2.79%,"268,180",680.01M
CEVA,"CEVA, Inc.",793.39M,-0.86%,"127,875",101.88M
SHLS,"Shoals Technologies Group, Inc.",788.49M,1.28%,"5,718,875",422.66M
MLAB,"Mesa Laboratories, Inc.",762.95M,-1.36%,"17,155",228.38M
SCWX,SecureWorks Corp.,752.90M,0.12%,"280,545",339.72M
OSPN,OneSpan Inc.,737.03M,-1.57%,"331,178",244.94M
CSIQ,Canadian Solar Inc.,725.15M,1.58%,"1,903,537",6.17B
PUBM,"PubMatic, Inc.",715.07M,-1.06%,"243,726",290.35M
PGY,Pagaya Technologies Ltd.,711.51M,5.46%,"1,612,412",970.90M
IMOS,ChipMOS TECHNOLOGIES INC.,709.78M,-0.87%,"55,298",724.84M
SSYS,Stratasys Ltd.,703.14M,6.95%,"1,124,553",578.44M
PRTH,"Priority Technology Holdings, Inc.",701.68M,0.89%,"447,205",851.91M
RPAY,Repay Holdings Corporation,697.43M,1.63%,"295,235",310.76M
RCAT,"Red Cat Holdings, Inc.",691.79M,3.85%,"12,834,671",16.47M
ITRN,Ituran Location and Control Ltd.,673.40M,0.21%,"103,993",331.18M
CGNT,Cognyte Software Ltd.,672.48M,-1.68%,"195,746",339.82M
CAN,Canaan Inc.,663.06M,-1.42%,"16,856,029",229.63M
NVTS,Navitas Semiconductor Corporation,644.45M,2.99%,"4,813,170",91.38M
YALA,Yalla Group Limited,641.83M,2.54%,"126,636",329.77M
LYTS,LSI Industries Inc.,636.88M,-10.68%,"535,183",523.02M
CNDT,Conduent Incorporated,636.36M,-1.00%,"367,354",3.51B
MGIC,Magic Software Enterprises Ltd.,630.93M,-1.08%,"28,094",535.48M
DJCO,Daily Journal Corporation,623.70M,-4.57%,"14,312",69.93M
FARO,"FARO Technologies, Inc.",611.22M,1.80%,"205,268",347.73M
IMXI,"International Money Express, Inc.",609.22M,-0.15%,"120,298",665.67M
RXT,"Rackspace Technology, Inc.",607.61M,3.89%,"1,008,747",2.77B
CRNC,Cerence Inc.,601.30M,0.14%,"4,217,834",331.50M
CTLP,"Cantaloupe, Inc.",600.68M,-0.48%,"194,451",276.75M
CLMB,"Climb Global Solutions, Inc.",594.15M,-1.19%,"20,340",410.63M
LASR,"nLIGHT, Inc.",573.89M,-1.66%,"562,841",203.06M
CLFD,"Clearfield, Inc.",571.99M,-1.53%,"90,614",166.71M
KULR,"KULR Technology Group, Inc.",526.68M,0.82%,"16,850,625",9.70M
HKD,AMTD Digital Inc.,524.55M,-,"118,196",27.78M
SKYT,"SkyWater Technology, Inc.",522.79M,-2.92%,"525,887",345.94M
DDD,3D Systems Corporation,522.14M,26.64%,"10,658,948",443.95M
OUST,"Ouster, Inc.",520.60M,-2.43%,"1,395,064",105.45M
NNDM,Nano Dimension Ltd.,513.02M,0.86%,"1,533,914",57.66M
CCSI,"Consensus Cloud Solutions, Inc.",508.84M,2.05%,"71,188",351.15M
RZLV,Rezolve AI Limited,494.16M,-5.90%,"7,154,582",-
RDVT,"Red Violet, Inc.",490.98M,-0.08%,"61,059",70.69M
MTLS,Materialise NV,484.35M,4.86%,"254,081",297.10M
AIP,"Arteris, Inc.",483.74M,-1.07%,"167,066",54.74M
BIGC,"BigCommerce Holdings, Inc.",482.82M,-0.96%,"628,365",330.05M
API,"Agora, Inc.",482.08M,15.16%,"1,901,814",134.84M
BAND,Bandwidth Inc.,473.45M,6.83%,"440,879",703.90M
MEI,"Methode Electronics, Inc.",469.60M,1.23%,"259,709",1.09B
UIS,Unisys Corporation,466.12M,0.60%,"264,911",2.02B
MITK,"Mitek Systems, Inc.",456.36M,1.40%,"341,665",172.08M
BKSY,BlackSky Technology Inc.,456.01M,25.29%,"4,022,638",107.23M
ALNT,Allient Inc.,448.42M,0.30%,"69,962",548.96M
PRCH,"Porch Group, Inc.",446.43M,4.31%,"611,249",452.10M
CRNT,Ceragon Networks Ltd.,422.48M,-3.34%,"1,625,776",377.62M
GILT,Gilat Satellite Networks Ltd.,415.65M,2.53%,"531,148",302.93M
NOVA,Sunnova Energy International Inc.,404.85M,0.93%,"9,665,564",809.98M
BKKT,"Bakkt Holdings, Inc.",402.48M,-6.30%,"544,246",1.91B
TSSI,"TSS, Inc.",401.44M,1.91%,"2,112,345",122.53M
XPER,Xperi Inc.,401.23M,-1.65%,"226,067",508.56M
POET,POET Technologies Inc.,400.85M,0.57%,"1,176,072",119.95K
LSAK,"Lesaka Technologies, Inc.",394.43M,-0.78%,"7,445",573.68M
TRAK,"ReposiTrak, Inc.",391.88M,-1.15%,"66,744",20.83M
OOMA,"Ooma, Inc.",384.87M,2.13%,"132,647",253.43M
LGTY,"Logility Supply Chain Solutions, Inc.",381.26M,0.53%,"155,590",102.40M
MVIS,"MicroVision, Inc.",376.71M,-5.49%,"7,535,790",8.15M
EGHT,"8x8, Inc.",371.08M,3.65%,"1,455,874",719.56M
AEHR,"Aehr Test Systems, Inc.",368.72M,-0.56%,"605,244",50.74M
TBCH,Turtle Beach Corporation,368.25M,-2.19%,"134,127",326.23M
ARQQ,Arqit Quantum Inc.,348.74M,4.38%,"732,154",293.00K
KLTR,"Kaltura, Inc.",341.31M,1.33%,"216,158",177.59M
NVEC,NVE Corporation,340.29M,-2.18%,"38,206",25.69M
EB,"Eventbrite, Inc.",325.52M,-4.00%,"851,886",336.37M
AUDC,AudioCodes Ltd.,325.25M,0.18%,"64,342",244.18M
BLZE,"Backblaze, Inc.",324.67M,1.26%,"189,085",122.58M
ASUR,"Asure Software, Inc.",324.22M,-2.40%,"71,152",115.26M
ATOM,Atomera Incorporated,317.71M,3.08%,"761,296",662.00K
NRDY,"Nerdy, Inc.",317.46M,1.15%,"1,439,387",197.33M
ALLT,Allot Ltd.,316.68M,0.30%,"669,932",91.63M
EXFY,"Expensify, Inc.",311.37M,5.11%,"483,775",137.44M
KOPN,Kopin Corporation,311.18M,9.14%,"24,296,209",44.27M
VPG,"Vishay Precision Group, Inc.",310.97M,0.34%,"40,592",323.40M
ILLR,Triller Group Inc.,306.88M,1.02%,"442,501",45.24M
SMRT,"SmartRent, Inc.",304.26M,-,"768,139",199.77M
DOMO,"Domo, Inc.",300.74M,1.69%,"141,186",318.46M
VLN,Valens Semiconductor Ltd.,298.67M,-4.10%,"580,387",63.13M
PDYN,Palladyne AI Corp.,296.91M,6.59%,"10,099,075",7.77M
IBEX,IBEX Limited,294.28M,0.95%,"74,340",513.68M
LAW,"CS Disco, Inc.",293.55M,-1.41%,"64,049",143.58M
SVCO,"Silvaco Group, Inc.",278.94M,1.45%,"405,303",54.31M
ONTF,"ON24, Inc.",274.90M,0.61%,"84,365",150.74M
IMMR,Immersion Corporation,273.38M,-2.08%,"482,664",163.13M
VUZI,Vuzix Corporation,272.38M,0.82%,"1,028,460",5.55M
RMNI,"Rimini Street, Inc.",271.61M,4.91%,"348,712",426.65M
ATGL,Alpha Technology Group Limited,266.03M,-4.38%,"1,255",1.17M
SANG,Sangoma Technologies Corporation,258.13M,0.27%,"5,915",244.41M
APPS,"Digital Turbine, Inc.",255.16M,9.33%,"3,586,523",491.57M
ARBE,Arbe Robotics Ltd.,254.35M,4.55%,"14,731,258",1.02M
TSAT,Telesat Corporation,247.90M,0.40%,"42,223",450.76M
AVNW,"Aviat Networks, Inc.",247.08M,-0.05%,"123,571",409.60M
ICG,Intchains Group Limited,245.75M,-4.21%,"27,734",34.65M
PERF,Perfect Corp.,242.40M,-3.64%,"293,588",58.45M
TLS,Telos Corporation,233.07M,-3.01%,"242,780",122.96M
AEVA,"Aeva Technologies, Inc.",232.23M,-4.01%,"279,664",7.98M
MAPS,"WM Technology, Inc.",222.83M,-2.21%,"853,032",183.31M
AEYE,"AudioEye, Inc.",220.30M,1.92%,"119,107",33.35M
HPAI,Helport AI Limited,215.74M,-1.36%,"5,121",29.58M
MRT,"Marti Technologies, Inc.",210.97M,0.20%,"18,479",18.95M
BCOV,Brightcove Inc.,201.19M,0.11%,"76,688",199.83M
DGNX,Diginex Limited,193.71M,-32.94%,"568,278",1.18M
NOTE,"FiscalNote Holdings, Inc.",193.47M,-5.52%,"2,887,982",125.06M
TROO,"TROOPS, Inc.",192.02M,6.18%,"67,102",4.34M
TTEC,"TTEC Holdings, Inc.",189.96M,3.65%,"372,968",2.27B
RELL,"Richardson Electronics, Ltd.",189.04M,-1.80%,"67,016",202.97M
TCX,Tucows Inc.,187.08M,2.22%,"17,702",356.14M
INSG,Inseego Corp.,183.70M,-0.89%,"88,400",207.48M
EGAN,eGain Corporation,183.41M,-1.83%,"19,055",90.43M
GRRR,Gorilla Technology Group Inc.,179.86M,2.18%,"1,974,067",78.94M
PSQH,"PSQ Holdings, Inc.",177.97M,-4.13%,"1,122,801",18.74M
REKR,"Rekor Systems, Inc.",176.39M,-6.47%,"7,134,693",43.82M
SSTI,"SoundThinking, Inc.",174.35M,5.16%,"53,718",104.67M
ONDS,Ondas Holdings Inc.,174.32M,-3.32%,"4,310,872",8.02M
CCRD,CoreCard Corporation,174.30M,-2.69%,"20,561",54.73M
FEIM,"Frequency Electronics, Inc.",173.58M,-3.94%,"43,651",60.19M
AZ,A2Z Cust2Mate Solutions Corp.,169.95M,-0.91%,"89,800",6.63M
MPTI,"M-tron Industries, Inc.",168.74M,0.15%,"21,921",46.98M
CSPI,CSP Inc.,167.61M,0.30%,"15,712",55.22M
VOXX,VOXX International Corporation,165.48M,0.14%,"164,127",427.49M
TOYO,"TOYO Co., Ltd.",164.76M,-2.29%,"57,098",200.46M
GPRO,"GoPro, Inc.",160.95M,-1.89%,"1,857,822",896.01M
III,"Information Services Group, Inc.",158.99M,0.31%,"65,679",255.99M
QMCO,Quantum Corporation,157.92M,-2.60%,"957,785",285.24M
PAYS,"Paysign, Inc.",153.68M,-1.03%,"217,406",56.47M
MX,Magnachip Semiconductor Corporation,153.65M,0.98%,"133,441",219.52M
LTRX,"Lantronix, Inc.",151.59M,-1.25%,"260,712",161.72M
XNET,Xunlei Limited,148.97M,9.30%,"570,350",359.61M
NEON,Neonode Inc.,145.34M,0.35%,"49,875",3.80M
ZEO,Zeo Energy Corp.,144.34M,2.45%,"89,354",77.58M
MRAM,"Everspin Technologies, Inc.",142.60M,-2.84%,"76,216",53.87M
QUIK,QuickLogic Corporation,139.31M,-2.55%,"83,615",21.89M
TDTH,Trident Digital Tech Holdings Ltd,137.48M,6.50%,"379,491",1.38M
GNSS,Genasys Inc.,135.24M,-1.63%,"86,196",24.01M
CSLR,"Complete Solaria, Inc.",134.99M,-3.68%,"467,425",40.80M
UEIC,Universal Electronics Inc.,134.84M,-3.81%,"53,048",382.02M
AISP,"Airship AI Holdings, Inc.",134.51M,-4.46%,"1,453,885",24.05M
LAES,SEALSQ Corp,130.00M,5.65%,"23,026,570",20.14M
YAAS,Youxin Technology Ltd,129.50M,0.52%,"106,900",774.33K
LPTH,"LightPath Technologies, Inc.",128.12M,-1.22%,"205,131",32.05M
NTCL,NetClass Technology Inc,128.01M,1.53%,"39,779",11.60M
NA,Nano Labs Ltd,127.14M,9.87%,"18,257",6.99M
ZENV,Zenvia Inc.,127.08M,2.08%,"47,460",173.59M
NVNI,Nvni Group Limited,125.94M,195.30%,"364,268,820",23.56M
WBX,Wallbox N.V.,123.36M,1.08%,"404,937",179.62M
RSSS,"Research Solutions, Inc.",123.36M,2.78%,"113,690",46.61M
RDZN,"Roadzen, Inc.",122.79M,-6.50%,"105,519",46.45M
VEEA,Veea Inc.,122.41M,0.88%,"36,293",140.04K
QH,Quhuo Limited,122.00M,1.51%,"5,533",493.47M
KVHI,"KVH Industries, Inc.",121.17M,1.32%,"34,325",118.37M
LPSN,"LivePerson, Inc.",119.92M,7.20%,"2,946,176",334.74M
UPLD,"Upland Software, Inc.",118.00M,5.39%,"260,907",278.95M
DHX,"DHI Group, Inc.",116.47M,8.94%,"137,399",144.43M
YIBO,Planet Image International Limited,115.85M,-30.65%,"34,350",153.28M
BKTI,BK Technologies Corporation,115.84M,-2.96%,"17,429",74.97M
CGTL,Creative Global Technology Holdings Limited,115.76M,2.47%,"27,661",42.95M
YXT,YXT.COM Group Holding Limited,115.35M,-4.00%,"18,984",48.03M
GCTS,"GCT Semiconductor Holding, Inc.",114.57M,-2.83%,"112,342",11.53M
VERI,"Veritone, Inc.",114.17M,-5.40%,"791,060",124.88M
PCLA,PicoCELA Inc.,112.31M,51.16%,"3,735,866",4.76M
INTT,inTEST Corporation,109.89M,-0.56%,"16,507",121.97M
MAXN,"Maxeon Solar Technologies, Ltd.",108.45M,3.51%,"203,168",689.01M
SATX,Satixfy Communications Ltd.,106.87M,-5.97%,"212,990",10.35M
SILC,Silicom Ltd.,106.00M,-0.74%,"2,799",62.39M
SNCR,"Synchronoss Technologies, Inc.",105.46M,-0.69%,"34,795",170.79M
ZENA,"ZenaTech, Inc.",104.54M,2.03%,"338,186",1.48M
OCFT,"OneConnect Financial Technology Co., Ltd.",103.65M,6.12%,"28,874",407.83M
WRAP,"Wrap Technologies, Inc.",101.40M,-3.07%,"159,467",4.23M
SOL,Emeren Group Ltd,100.97M,-,"177,827",102.49M
AXTI,"AXT, Inc.",100.04M,0.87%,"226,385",94.69M
LINK,"Interlink Electronics, Inc.",93.20M,6.76%,"16,897",12.23M
ALOT,"AstroNova, Inc.",92.68M,-3.83%,"12,312",153.52M
AIRG,"Airgain, Inc.",91.10M,-5.19%,"14,811",55.59M
SQNS,Sequans Communications S.A.,85.73M,-3.65%,"67,761",30.56M
PHUN,"Phunware, Inc.",84.52M,-3.41%,"1,070,878",3.54M
OSS,"One Stop Systems, Inc.",82.77M,-0.76%,"173,126",52.71M
GSIT,"GSI Technology, Inc.",81.81M,-11.81%,"707,511",19.69M
SMXT,"SolarMax Technology, Inc.",80.61M,-4.81%,"237,053",28.79M
OPTX,"Syntec Optics Holdings, Inc.",77.05M,-2.33%,"179,662",29.39M
ELTK,Eltek Ltd.,76.52M,1.06%,"4,618",48.09M
ASYS,"Amtech Systems, Inc.",75.67M,-0.75%,"16,988",101.21M
ALTS,ALT5 Sigma Corporation,74.57M,13.73%,"376,005",7.11M
VTSI,"VirTra, Inc.",74.37M,-1.34%,"81,698",31.77M
DM,"Desktop Metal, Inc.",73.02M,4.29%,"543,677",168.28M
MIND,"MIND Technology, Inc.",72.36M,5.70%,"547,831",45.20M
CMTL,Comtech Telecommunications Corp.,71.47M,0.41%,"368,195",504.29M
MKFG,Markforged Holding Corporation,70.94M,3.93%,"80,282",86.89M
INUV,"Inuvo, Inc.",70.64M,-4.68%,"1,038,646",78.45M
AUID,authID Inc.,68.58M,1.45%,"9,931",758.64K
ALAR,Alarum Technologies Ltd.,67.62M,-2.97%,"135,458",31.56M
WFCF,"Where Food Comes From, Inc.",66.06M,-3.19%,201,25.82M
USIO,"Usio, Inc.",65.93M,-3.95%,"200,337",81.03M
BMR,Beamr Imaging Ltd.,65.15M,3.96%,"252,030",2.96M
WKEY,WISeKey International Holding AG,62.44M,2.83%,"1,764,921",20.99M
KOSS,Koss Corporation,62.37M,-1.48%,"36,942",12.09M
NUKK,Nukkleus Inc.,61.56M,2.25%,"431,330",10.75M
SOTK,Sono-Tek Corporation,60.96M,-1.02%,"3,891",20.15M
BMTX,"BM Technologies, Inc.",60.38M,0.20%,"172,140",57.66M
TYGO,"Tigo Energy, Inc.",60.03M,-2.16%,"20,866",45.99M
CTM,"Castellum, Inc.",59.37M,-2.66%,"2,306,246",45.56M
SELX,Semilux International Ltd.,59.14M,8.97%,"1,084",1.04M
FKWL,Franklin Wireless Corp.,58.80M,0.40%,"10,708",34.46M
IDN,"Intellicheck, Inc.",57.11M,2.85%,"20,546",19.24M
DUOT,"Duos Technologies Group, Inc.",55.42M,-9.60%,"140,800",7.35M
FTCI,"FTC Solar, Inc.",53.86M,-0.95%,"45,295",57.35M
REFR,Research Frontiers Incorporated,53.63M,-0.62%,"67,029",1.47M
INLX,"Intellinetics, Inc.",52.38M,-1.75%,"8,651",17.93M
PXLW,"Pixelworks, Inc.",51.87M,0.01%,"547,303",54.19M
SPRU,Spruce Power Holding Corporation,51.53M,0.36%,"27,867",77.58M
OCC,Optical Cable Corporation,50.39M,7.17%,"73,592",66.67M
SYT,"SYLA Technologies Co., Ltd.",50.39M,-,"1,474",149.12M
MSAI,"MultiSensor AI Holdings, Inc.",49.92M,-0.61%,"251,291",7.62M
MOBX,"Mobix Labs, Inc.",49.06M,-10.46%,"605,291",6.44M
AIXI,Xiao-I Corporation,48.75M,0.40%,"43,131",65.64M
FCUV,Focus Universal Inc.,48.06M,1.31%,"490,349",1.08M
ZEPP,Zepp Health Corporation,44.61M,-0.83%,"9,320",208.95M
LGCL,Lucas GC Limited,44.53M,1.26%,"30,922",173.31M
TACT,TransAct Technologies Incorporated,44.35M,-1.99%,"2,369",46.42M
SWVL,Swvl Holdings Corp.,43.12M,-0.21%,"8,186",19.80M
AXIL,"AXIL Brands, Inc.",42.68M,39.01%,"75,151",26.55M
MNDO,MIND C.T.I. Ltd,42.29M,-1.18%,"14,234",21.86M
MTC,"MMTec, Inc.",42.07M,8.33%,"225,535",-1.99M
BEEM,Beam Global,41.51M,-2.77%,"208,328",60.88M
KTCC,Key Tronic Corporation,41.43M,-7.67%,"153,944",548.39M
VRAR,"The Glimpse Group, Inc.",41.14M,7.41%,"433,322",8.14M
GLE,Global Engine Group Holding Limited,40.63M,7.77%,"447,093",6.33M
RTC,Baijiayun Group Ltd,40.22M,-3.68%,"361,849",59.79M
KPLT,"Katapult Holdings, Inc.",40.00M,6.92%,"29,375",241.79M
BTCT,BTC Digital Ltd.,39.56M,0.94%,"4,038,317",8.48M
EBON,Ebang International Holdings Inc.,39.44M,2.95%,"5,594",3.59M
HKIT,Hitek Global Inc.,39.26M,-3.60%,"14,514",3.45M
WCT,Wellchange Holdings Company Limited,38.70M,2.25%,"3,380,583",2.37M
DSWL,"Deswell Industries, Inc.",38.40M,-0.48%,"2,134",66.81M
LGL,"The LGL Group, Inc.",37.26M,-0.43%,"2,266",4.13M
ISDR,Issuer Direct Corporation,37.00M,2.12%,"18,860",29.14M
JG,Aurora Mobile Limited,35.99M,1.56%,"7,149",42.83M
WYY,WidePoint Corporation,35.46M,-1.28%,"16,944",133.12M
AWRE,"Aware, Inc.",34.99M,-2.37%,"42,197",16.97M
VHC,VirnetX Holding Corporation,34.76M,4.48%,"7,818",5.00K
CLPS,CLPS Incorporation,34.24M,-2.38%,"22,434",142.81M
DTST,Data Storage Corporation,33.25M,-2.27%,"26,135",25.14M
CMBM,Cambium Networks Corporation,33.05M,-0.85%,"347,300",172.22M
AGMH,AGM Group Holdings Inc.,32.99M,-1.45%,"4,777",65.00M
FAAS,DigiAsia Corp.,32.89M,-2.28%,"295,263",57.73M
BTCM,BIT Mining Limited,32.78M,-2.74%,"81,264",41.41M
MOGO,Mogo Inc.,32.70M,-,"92,672",31.00M
MASK,3 E Network Technology Group Limited,32.51M,-1.37%,"81,494",4.56M
XBP,"XBP Europe Holdings, Inc.",32.28M,0.94%,"4,787",157.15M
HOLO,MicroCloud Hologram Inc.,31.84M,-3.73%,"14,969,304",32.24M
LDTC,LeddarTech Holdings Inc.,31.71M,-0.48%,"345,068",353.69K
SURG,"SurgePays, Inc.",31.41M,0.64%,"52,433",83.60M
AIFF,"Firefly Neuroscience, Inc.",31.04M,12.31%,"1,448,139",74.00K
HTCR,"HeartCore Enterprises, Inc.",30.77M,-7.55%,"246,212",30.29M
NTWK,"NetSol Technologies, Inc.",30.52M,-2.56%,"10,657",61.75M
VSTE,Vast Renewables Limited,30.27M,-0.98%,"333,211",342.00K
AMPG,"AmpliTech Group, Inc.",30.04M,-1.03%,"1,328,124",11.67M
NXPL,NextPlat Corp,29.60M,-10.24%,"452,218",66.48M
CPSH,CPS Technologies Corporation,28.91M,0.51%,"49,940",21.94M
CXAI,CXApp Inc.,28.15M,-6.56%,"1,866,683",7.20M
EMKR,Emcore Corporation,27.79M,0.33%,"81,282",85.90M
DAIO,Data I/O Corporation,27.15M,1.34%,"10,867",23.46M
UTSI,UTStarcom Holdings Corp.,27.08M,-0.35%,"3,160",14.96M
CREX,"Creative Realities, Inc.",26.53M,0.79%,"30,557",54.30M
TURB,"Turbo Energy, S.A.",25.78M,-11.70%,"83,602",11.66M
TRT,Trio-Tech International,25.67M,1.17%,"13,834",42.15M
CNTM,"ConnectM Technology Solutions, Inc.",25.56M,3.42%,"28,712",21.79M
FOXX,Foxx Development Holdings Inc.,24.10M,-8.31%,"8,066",26.34M
MTEK,Maris-Tech Ltd.,23.95M,-12.64%,"269,334",6.97M
SMSI,"Smith Micro Software, Inc.",23.41M,4.76%,"192,235",24.18M
SAIH,SAIHEAT Limited,23.30M,-0.42%,"162,759",6.95M
SYNX,Silynxcom Ltd.,22.58M,-0.93%,"2,758",9.89M
EZFL,EZFill Holdings Inc.,21.74M,-5.15%,"14,524",26.67M
BOSC,B.O.S. Better Online Solutions Ltd.,21.55M,-0.53%,"44,981",40.45M
STEC,Santech Holdings Limited,21.01M,-5.00%,"32,708",260.47M
HUBC,HUB Cyber Security Ltd.,20.69M,-0.88%,"551,305",33.36M
BNAI,"Brand Engagement Network, Inc.",20.20M,3.40%,"210,070",135.00K
BLIN,"Bridgeline Digital, Inc.",19.06M,-0.54%,"77,826",15.36M
MOB,Mobilicom Limited,18.04M,-3.40%,"364,087",3.46M
JFU,9F Inc.,17.78M,2.37%,"5,560",40.61M
JDZG,JIADE Limited,17.70M,7.61%,"176,450",2.33M
ELSE,"Electro-Sensors, Inc.",17.57M,1.09%,"1,483",9.29M
FEBO,Fenbo Holdings Limited,16.48M,0.68%,"14,509",16.32M
IZM,ICZOOM Group Inc.,16.42M,-3.45%,"48,749",177.93M
TAIT,Taitron Components Incorporated,15.90M,1.54%,"4,249",4.34M
ORKT,Orangekloud Technology Inc.,15.70M,2.99%,"857,468",3.90M
INTZ,Intrusion Inc.,15.55M,-1.03%,"1,483,680",5.46M
JZ,Jianzhi Education Technology Group Company Limited,15.44M,1.86%,"1,638",50.81M
MLGO,MicroAlgo Inc.,15.16M,2.70%,"1,328,798",83.50M
SONM,"Sonim Technologies, Inc.",14.96M,-5.97%,"162,230",56.74M
DTSS,Datasea Inc.,14.88M,2.86%,"67,516",38.18M
ARBB,ARB IOT Group Limited,14.28M,5.88%,"36,788",12.33M
CLRO,"ClearOne, Inc.",14.20M,1.28%,"747,397",12.58M
BLBX,Blackboxstocks Inc.,13.97M,0.25%,"1,174,008",2.76M
XTKG,"X3 Holdings Co., Ltd.",13.91M,5.21%,"17,939",15.23M
MYNA,Mynaric AG,13.82M,3.21%,"81,050",5.96M
RYDE,Ryde Group Ltd,13.09M,-,"75,341",5.76M
DATS,"DatChat, Inc.",13.09M,-6.45%,"1,039,754",515.00
PET,Wag! Group Co.,12.74M,-0.39%,"811,749",76.75M
LEDS,SemiLEDs Corporation,12.40M,4.24%,"170,449",4.79M
WISA,"WiSA Technologies, Inc.",12.39M,8.76%,"648,477",2.19M
SCKT,"Socket Mobile, Inc.",12.28M,1.57%,"5,462",18.33M
KNW,"Know Labs, Inc.",12.27M,1.07%,"1,501,397",-
SMTK,"SmartKem, Inc.",12.11M,2.10%,"8,486",40.00K
CISO,CISO Global Inc.,12.06M,-1.92%,"116,377",54.63M
ASTC,Astrotech Corporation,11.80M,2.46%,"6,786",1.27M
APCX,AppTech Payments Corp.,11.78M,0.73%,"404,988",365.00K
UAVS,"AgEagle Aerial Systems, Inc.",11.70M,-1.59%,"572,436",13.49M
UBXG,U-BX Technology Ltd.,11.39M,13.77%,"67,778",51.60M
SGMA,"SigmaTron International, Inc.",11.20M,6.71%,"25,389",336.56M
CYN,Cyngn Inc.,11.18M,-0.97%,"1,544,784",102.12K
RVYL,Ryvyl Inc.,10.72M,-0.68%,"144,063",63.53M
BNZI,"Banzai International, Inc.",10.61M,-9.94%,"738,955",4.31M
GMM,Global Mofy AI Limited,10.58M,-2.96%,"41,408",41.36M
MSN,Emerson Radio Corp.,10.54M,-3.13%,"17,930",9.76M
BOXL,Boxlight Corporation,10.03M,2.00%,"404,733",150.71M
NXTT,Next Technology Holding Inc.,9.77M,-53.95%,"2,464,730",1.13M
ELWS,"Earlyworks Co., Ltd",9.74M,5.56%,"13,299",1.14M
VISL,"Vislink Technologies, Inc.",9.73M,0.77%,"10,956",32.44M
AMST,Amesite Inc.,9.58M,4.26%,"33,433",114.80K
MFI,mF International Limited,9.55M,0.18%,"153,682",3.88M
LIDR,"AEye, Inc.",9.50M,0.97%,"1,320,968",225.00K
ASNS,"Actelis Networks, Inc.",8.88M,-4.70%,"464,364",7.72M
MITQ,"Moving iMage Technologies, Inc.",7.99M,-5.07%,"198,062",18.76M
IDAI,T Stamp Inc.,7.94M,-0.42%,"137,441",2.16M
WTO,UTime Limited,7.85M,4.22%,"617,020",32.31M
JNVR,Janover Inc.,7.67M,0.74%,"4,420",1.82M
VS,Versus Systems Inc.,7.53M,-2.49%,"173,023",91.50K
FRGT,"Freight Technologies, Inc.",7.37M,3.79%,"21,580",17.57M
MRIN,Marin Software Incorporated,6.50M,-2.03%,"13,725",16.71M
TGL,Treasure Global Inc.,6.22M,-4.55%,"1,481,133",8.81M
ULY,Urgent.ly Inc.,6.19M,-1.97%,"57,025",155.93M
VERB,"Verb Technology Company, Inc.",6.18M,7.80%,"33,210",201.00K
FTFT,Future FinTech Group Inc.,5.77M,4.12%,"145,948",18.54M
OST,"Ostin Technology Group Co., Ltd.",5.43M,11.57%,"11,611,287",38.20M
IMTE,Integrated Media Technology Limited,5.25M,-3.16%,"12,311",123.34K
GITS,"Global Interactive Technologies, Inc.",5.14M,-25.15%,"1,802,001",-186.28K
VVPR,VivoPower International PLC,4.93M,-1.77%,"168,829",16.00K
CETX,"Cemtrex, Inc.",4.93M,0.73%,"28,842",66.86M
JTAI,Jet.AI Inc.,4.61M,-1.39%,"146,721",15.03M
OBLG,"Oblong, Inc.",4.51M,0.51%,"35,907",2.76M
SOPA,Society Pass Incorporated,4.28M,5.31%,"171,419",6.91M
IFBD,"Infobird Co., Ltd",4.27M,0.94%,"7,855",300.00K
WATT,Energous Corporation,4.04M,1.10%,"1,309,195",431.18K
ASTI,"Ascent Solar Technologies, Inc.",3.59M,-4.24%,"26,324",44.67K
RIME,"Algorhythm Holdings, Inc.",3.56M,10.85%,"271,245,179",32.48M
PRSO,Peraso Inc.,3.55M,-,"57,375",12.73M
SYTA,Siyata Mobile Inc.,3.15M,0.35%,"23,776",11.99M
OLB,"The OLB Group, Inc.",2.86M,-34.48%,"441,102",16.01M
MYSZ,"My Size, Inc.",2.77M,11.11%,"112,288",9.63M
AUUD,Auddia Inc.,2.72M,-2.60%,"45,854",-
BCAN,Femto Technologies Inc.,2.61M,-5.23%,"13,589",754.77K
SVRE,SaverOne 2014 Ltd.,2.57M,-0.58%,"119,623",458.95K
TAOP,Taoping Inc.,1.98M,-3.21%,"418,242",42.64M
WLDS,Wearable Devices Ltd.,1.54M,-3.82%,"72,731",464.00K
SGN,"Signing Day Sports, Inc.",1.47M,3.26%,"813,459",576.49K
LYT,Lytus Technologies Holdings PTV. Ltd.,1.32M,1.06%,"591,407",21.36M
ATCH,"AtlasClear Holdings, Inc.",1.18M,-3.47%,"131,135",-
SOBR,"SOBR Safe, Inc.",916.30K,2.47%,"5,055,778",183.86K
